,p_value,batch_size,number_of_epochs,train_score,val_score
1,0.3,200.0,0.0,0.4753410528497221,0.4976440229643262
2,0.3,200.0,10.0,0.6397297774597417,0.6419738091959203
3,0.3,200.0,20.0,0.64551385504605,0.6485889484635774
4,0.3,200.0,30.0,0.6458402558183115,0.6485889484635774
5,0.3,200.0,40.0,0.6479977825215925,0.6504690870344864
6,0.3,200.0,50.0,0.6483228072876959,0.6514075408918686
7,0.3,200.0,60.0,0.6492971449133911,0.6514075408918686
8,0.3,200.0,70.0,0.6492971449133911,0.6514075408918686
9,0.3,200.0,80.0,0.651242529874932,0.6523449271646294
10,0.3,200.0,90.0,0.6502703832971908,0.6523449271646294
11,0.3,200.0,100.0,0.6571442014738487,0.6518562284657686
12,0.3,200.0,110.0,0.659411462858577,0.6574357505998057
13,0.3,200.0,120.0,0.6606836467963102,0.6583620508546776
14,0.3,200.0,130.0,0.6582443740671494,0.6555800755923594
15,0.3,200.0,140.0,0.6606836467963102,0.6583620508546776
16,0.3,200.0,150.0,0.6606836467963102,0.6583620508546776
17,0.3,200.0,160.0,0.6606836467963102,0.6583620508546776
18,0.3,200.0,170.0,0.6606836467963102,0.6583620508546776
19,0.3,200.0,180.0,0.6606836467963102,0.6583620508546776
20,0.3,200.0,190.0,0.663539545535866,0.6602116127708564
21,0.3,200.0,200.0,0.6625885730545482,0.659287335840774
22,0.3,200.0,210.0,0.6665479274698571,0.6638987853489181
23,0.3,200.0,220.0,0.6663865936079201,0.6638987853489181
24,0.3,200.0,230.0,0.6715657029043952,0.6679165097218811
25,0.3,200.0,240.0,0.6712528671065958,0.6688271769214392
26,0.3,200.0,250.0,0.6715657029043952,0.6679165097218811
27,0.3,200.0,260.0,0.6754526929004084,0.6706457198629018
28,0.3,200.0,270.0,0.6754526929004084,0.6697369111162215
29,0.3,200.0,280.0,0.6770068966232282,0.6715536107598343
30,0.3,200.0,290.0,0.6754526929004084,0.6706457198629018
31,0.3,200.0,300.0,0.6760746659157235,0.670052213443874
32,0.3,200.0,310.0,0.678823793329098,0.673662249802315
33,0.3,200.0,320.0,0.6791787435217278,0.6718590518904314
34,0.3,200.0,330.0,0.6817267637415837,0.67329667830393
35,0.3,200.0,340.0,0.6836912366318824,0.6750779160442664
36,0.3,200.0,350.0,0.6846109987049441,0.6759671962341866
37,0.3,200.0,360.0,0.6865608159116359,0.6795155704510544
38,0.3,200.0,370.0,0.6853384354445492,0.6786297734774563
39,0.3,200.0,380.0,0.6868661939769666,0.6795155704510544
40,0.3,200.0,390.0,0.6877818124573568,0.6795155704510544
41,0.3,200.0,400.0,0.6902197376338205,0.6797135822075484
42,0.3,200.0,410.0,0.6911325885476667,0.6805933485997795
43,0.3,200.0,420.0,0.6899197562678956,0.6798879481750383
44,0.3,200.0,430.0,0.6908283868894634,0.6797135822075484
45,0.3,200.0,440.0,0.6911325885476667,0.6781363743582393
46,0.3,200.0,450.0,0.6914339283754851,0.680907263770712
47,0.3,200.0,460.0,0.694154348640452,0.6817755322547336
48,0.3,200.0,470.0,0.694154348640452,0.680907263770712
49,0.3,200.0,480.0,0.6959644287709815,0.6826429516525363
50,0.3,200.0,490.0,0.6974707329105873,0.6852401921137504
51,0.3,200.0,500.0,0.7010783644372732,0.6861042922270159
52,0.3,200.0,510.0,0.7010783644372732,0.6861042922270159
53,0.3,200.0,520.0,0.7045213478352436,0.689617535509644
54,0.3,200.0,530.0,0.7057145523468293,0.6913259072942868
55,0.3,200.0,540.0,0.7089906327840969,0.6930311992664004
56,0.3,200.0,550.0,0.7095854878125201,0.6930311992664004
57,0.3,200.0,560.0,0.7144366378139273,0.7023582469448505
58,0.3,200.0,570.0,0.7137430144200508,0.6964328076990003
59,0.3,200.0,580.0,0.7144366378139273,0.7015138013235382
60,0.3,200.0,590.0,0.71603612451379,0.7031482225764416
61,0.3,200.0,600.0,0.716916680851252,0.7030648240902303
62,0.3,200.0,610.0,0.7195557345029843,0.7055566758982909
63,0.3,200.0,620.0,0.7213821831586209,0.7105231507161617
64,0.3,200.0,630.0,0.724303271941649,0.7105231507161617
65,0.3,200.0,640.0,0.7240288831319183,0.7111723967305982
66,0.3,200.0,650.0,0.7246070182167721,0.7111723967305982
67,0.3,200.0,660.0,0.7257597904691981,0.7152600588255407
68,0.3,200.0,670.0,0.7274280723364456,0.7185202350968727
69,0.3,200.0,680.0,0.7274056093432036,0.7190578669778853
70,0.3,200.0,690.0,0.7331480383680292,0.7267168156896254
71,0.3,200.0,700.0,0.734271342879786,0.7283055225880954
72,0.3,200.0,710.0,0.7344953108207446,0.73147804576376
73,0.3,200.0,720.0,0.7345703759851565,0.7306854960038232
74,0.3,200.0,730.0,0.7347727226925368,0.7322702288814037
75,0.3,200.0,740.0,0.7380991808248586,0.7370163532596152
76,0.3,200.0,750.0,0.7410146121333373,0.739385539833301
77,0.3,200.0,760.0,0.7418369112154082,0.7401747885441522
78,0.3,200.0,770.0,0.7419105143819452,0.7427373164669159
79,0.3,200.0,780.0,0.7427958006815092,0.7442969038758512
80,0.3,200.0,790.0,0.7460371459217194,0.7450764384887256
81,0.3,200.0,800.0,0.7462080835966051,0.7444072263246038
82,0.3,200.0,810.0,0.7488872681920514,0.7467262992037333
83,0.3,200.0,820.0,0.7475715554220014,0.7474862183469816
84,0.3,200.0,830.0,0.748687857513467,0.7391737028763267
85,0.3,200.0,840.0,0.7522153022201595,0.7435759500503826
86,0.3,200.0,850.0,0.7516196787571824,0.7442604120349784
87,0.3,200.0,860.0,0.7541685007464215,0.7490296945104699
88,0.3,200.0,870.0,0.7544048620876695,0.7490296945104699
89,0.3,200.0,880.0,0.7548774532711708,0.748266070846716
90,0.3,200.0,890.0,0.758436006071835,0.7509018501155743
91,0.3,200.0,900.0,0.7596047123573809,0.7541754541754543
92,0.3,200.0,910.0,0.7603054791619451,0.7541754541754543
93,0.3,200.0,920.0,0.7592975081390302,0.7561284486657621
94,0.3,200.0,930.0,0.760066292951779,0.7587195228584315
95,0.3,200.0,940.0,0.7604897315662967,0.7580731325412177
96,0.3,200.0,950.0,0.7607120429310968,0.7600095587356733
97,0.3,200.0,960.0,0.7609270896184244,0.7600095587356733
98,0.3,200.0,970.0,0.7609270896184244,0.7600095587356733
99,0.3,200.0,980.0,0.7609270896184244,0.7600095587356733
100,0.3,200.0,990.0,0.7609270896184244,0.7600095587356733
101,0.3,200.0,999.0,0.7609270896184244,0.7600095587356733
102,0.3,400.0,0.0,0.19717604961649882,0.2273762082245555
103,0.3,400.0,10.0,0.6480889879851355,0.6489939305842355
104,0.3,400.0,20.0,0.6530930555274272,0.6565860104013298
105,0.3,400.0,30.0,0.6530473449645424,0.6603571457099265
106,0.3,400.0,40.0,0.6540215476285897,0.6603571457099265
107,0.3,400.0,50.0,0.6568072299071952,0.6626815173327231
108,0.3,400.0,60.0,0.6609056014464606,0.6612462426831198
109,0.3,400.0,70.0,0.6607653894281172,0.6612462426831198
110,0.3,400.0,80.0,0.6598750316132197,0.6677420230734707
111,0.3,400.0,90.0,0.6627374617467868,0.669589403514693
112,0.3,400.0,100.0,0.6630549554719055,0.6723535743820832
113,0.3,400.0,110.0,0.6712657085844437,0.677857857384152
114,0.3,400.0,120.0,0.6747112762413326,0.68059840386371
115,0.3,400.0,130.0,0.6798393835476569,0.6866108969136895
116,0.3,400.0,140.0,0.6798393835476569,0.6866108969136895
117,0.3,400.0,150.0,0.6893571016585397,0.6877476305707395
118,0.3,400.0,160.0,0.6942721309233972,0.6856927527177765
119,0.3,400.0,170.0,0.7006455744531325,0.6936926982407353
120,0.3,400.0,180.0,0.706098974982238,0.6955050842571481
121,0.3,400.0,190.0,0.712958798290818,0.7015134301642891
122,0.3,400.0,200.0,0.7198487299204969,0.7049241241263604
123,0.3,400.0,210.0,0.7269133974253155,0.7089958885303496
124,0.3,400.0,220.0,0.7352239931057007,0.7219397944739371
125,0.3,400.0,230.0,0.749675656824669,0.7343686385674852
126,0.3,400.0,240.0,0.7540382620225888,0.73989887885617
127,0.3,400.0,250.0,0.7575756126133809,0.7444067819853595
128,0.3,400.0,260.0,0.7636974903809771,0.7451569408742643
129,0.3,400.0,270.0,0.7641955836987706,0.7501899163602745
130,0.3,400.0,280.0,0.7643919470898575,0.7520566718495482
131,0.3,400.0,290.0,0.7658098250874086,0.7579771695453383
132,0.3,400.0,300.0,0.7645338429157447,0.7622059369202226
133,0.3,400.0,310.0,0.7632992269824251,0.7643172306516235
134,0.3,400.0,320.0,0.7610323248489698,0.7664271059400675
135,0.3,400.0,330.0,0.7615367145930291,0.7593649976086236
136,0.3,400.0,340.0,0.7609270896184244,0.7600095587356733
137,0.3,400.0,350.0,0.7609270896184244,0.7600095587356733
138,0.3,400.0,360.0,0.7609270896184244,0.7600095587356733
139,0.3,400.0,370.0,0.7609270896184244,0.7600095587356733
140,0.3,400.0,380.0,0.7609270896184244,0.7600095587356733
141,0.3,400.0,390.0,0.7609270896184244,0.7600095587356733
142,0.3,400.0,400.0,0.7609270896184244,0.7600095587356733
143,0.3,400.0,410.0,0.7609270896184244,0.7600095587356733
144,0.3,400.0,420.0,0.7609270896184244,0.7600095587356733
145,0.3,400.0,430.0,0.7609270896184244,0.7600095587356733
146,0.3,400.0,440.0,0.7609270896184244,0.7600095587356733
147,0.3,400.0,450.0,0.7609270896184244,0.7600095587356733
148,0.3,400.0,460.0,0.7609270896184244,0.7600095587356733
149,0.3,400.0,470.0,0.7609270896184244,0.7600095587356733
150,0.3,400.0,480.0,0.7609270896184244,0.7600095587356733
151,0.3,400.0,490.0,0.7609270896184244,0.7600095587356733
152,0.3,400.0,500.0,0.7609270896184244,0.7600095587356733
153,0.3,400.0,510.0,0.7609270896184244,0.7600095587356733
154,0.3,400.0,520.0,0.7609270896184244,0.7600095587356733
155,0.3,400.0,530.0,0.7609270896184244,0.7600095587356733
156,0.3,400.0,540.0,0.7609270896184244,0.7600095587356733
157,0.3,400.0,550.0,0.7609270896184244,0.7600095587356733
158,0.3,400.0,560.0,0.7609270896184244,0.7600095587356733
159,0.3,400.0,570.0,0.7609270896184244,0.7600095587356733
160,0.3,400.0,580.0,0.7609270896184244,0.7600095587356733
161,0.3,400.0,590.0,0.7609270896184244,0.7600095587356733
162,0.3,400.0,600.0,0.7609270896184244,0.7600095587356733
163,0.3,400.0,610.0,0.7609270896184244,0.7600095587356733
164,0.3,400.0,620.0,0.7609270896184244,0.7600095587356733
165,0.3,400.0,630.0,0.7609270896184244,0.7600095587356733
166,0.3,400.0,640.0,0.7609270896184244,0.7600095587356733
167,0.3,400.0,650.0,0.7609270896184244,0.7600095587356733
168,0.3,400.0,660.0,0.7609270896184244,0.7600095587356733
169,0.3,400.0,670.0,0.7609270896184244,0.7600095587356733
170,0.3,400.0,680.0,0.7609270896184244,0.7600095587356733
171,0.3,400.0,690.0,0.7609270896184244,0.7600095587356733
172,0.3,400.0,700.0,0.7609270896184244,0.7600095587356733
173,0.3,400.0,710.0,0.7609270896184244,0.7600095587356733
174,0.3,400.0,720.0,0.7609270896184244,0.7600095587356733
175,0.3,400.0,730.0,0.7609270896184244,0.7600095587356733
176,0.3,400.0,740.0,0.7609270896184244,0.7600095587356733
177,0.3,400.0,750.0,0.7609270896184244,0.7600095587356733
178,0.3,400.0,760.0,0.7609270896184244,0.7600095587356733
179,0.3,400.0,770.0,0.7609270896184244,0.7600095587356733
180,0.3,400.0,780.0,0.7609270896184244,0.7600095587356733
181,0.3,400.0,790.0,0.7609270896184244,0.7600095587356733
182,0.3,400.0,800.0,0.7609270896184244,0.7600095587356733
183,0.3,400.0,810.0,0.7609270896184244,0.7600095587356733
184,0.3,400.0,820.0,0.7609270896184244,0.7600095587356733
185,0.3,400.0,830.0,0.7609270896184244,0.7600095587356733
186,0.3,400.0,840.0,0.7609270896184244,0.7600095587356733
187,0.3,400.0,850.0,0.7609270896184244,0.7600095587356733
188,0.3,400.0,860.0,0.7609270896184244,0.7600095587356733
189,0.3,400.0,870.0,0.7609270896184244,0.7600095587356733
190,0.3,400.0,880.0,0.7609270896184244,0.7600095587356733
191,0.3,400.0,890.0,0.7609270896184244,0.7600095587356733
192,0.3,400.0,900.0,0.7609270896184244,0.7600095587356733
193,0.3,400.0,910.0,0.7609270896184244,0.7600095587356733
194,0.3,400.0,920.0,0.7609270896184244,0.7600095587356733
195,0.3,400.0,930.0,0.7609270896184244,0.7600095587356733
196,0.3,400.0,940.0,0.7609270896184244,0.7600095587356733
197,0.3,400.0,950.0,0.7609270896184244,0.7600095587356733
198,0.3,400.0,960.0,0.7609270896184244,0.7600095587356733
199,0.3,400.0,970.0,0.7609270896184244,0.7600095587356733
200,0.3,400.0,980.0,0.7609270896184244,0.7600095587356733
201,0.3,400.0,990.0,0.7609270896184244,0.7600095587356733
202,0.3,400.0,999.0,0.7609270896184244,0.7600095587356733
203,0.3,600.0,0.0,0.06260540852874948,0.06987730084321828
204,0.3,600.0,10.0,0.6250874988205977,0.630677540180838
205,0.3,600.0,20.0,0.6300940006767268,0.6365069459949493
206,0.3,600.0,30.0,0.6306630872650468,0.6374743529433953
207,0.3,600.0,40.0,0.6313301255401653,0.6384405894309713
208,0.3,600.0,50.0,0.6378621092798935,0.6432544574069998
209,0.3,600.0,60.0,0.6390712254284032,0.6442138168874635
210,0.3,600.0,70.0,0.6406026439024781,0.6442138168874635
211,0.3,600.0,80.0,0.6409309540738434,0.6451720546891122
212,0.3,600.0,90.0,0.6418891255183197,0.6457015047708576
213,0.3,600.0,100.0,0.6471685685149043,0.65045247189785
214,0.3,600.0,110.0,0.6484622513184505,0.65045247189785
215,0.3,600.0,120.0,0.6545807657252253,0.654701910709276
216,0.3,600.0,130.0,0.6581374712648504,0.6551507512095748
217,0.3,600.0,140.0,0.6590931351341697,0.6560839380200826
218,0.3,600.0,150.0,0.6654385479999062,0.6629784678487175
219,0.3,600.0,160.0,0.6715657029043952,0.665518794990631
220,0.3,600.0,170.0,0.6789530789738152,0.6685455134434726
221,0.3,600.0,180.0,0.687997986966906,0.6804005159959335
222,0.3,600.0,190.0,0.6895247380560255,0.6832275978371316
223,0.3,600.0,200.0,0.6948523963318464,0.6867284422585509
224,0.3,600.0,210.0,0.6971659395707115,0.692056277056277
225,0.3,600.0,220.0,0.7056428892993118,0.704887673037556
226,0.3,600.0,230.0,0.7094166623503098,0.7090909090909091
227,0.3,600.0,240.0,0.7133503610929964,0.7132796034702654
228,0.3,600.0,250.0,0.7263152252279286,0.7179451420477286
229,0.3,600.0,260.0,0.7314717652754157,0.7242653288970634
230,0.3,600.0,270.0,0.7339109804174825,0.7293217463113142
231,0.3,600.0,280.0,0.7386525634025479,0.7346218446478868
232,0.3,600.0,290.0,0.7432438978712338,0.7437845296002817
233,0.3,600.0,300.0,0.7477121242326752,0.7482781431913841
234,0.3,600.0,310.0,0.7531272047532133,0.7537620049860877
235,0.3,600.0,320.0,0.7542733632690541,0.7557793604933623
236,0.3,600.0,330.0,0.7567305701223314,0.7597956900392091
237,0.3,600.0,340.0,0.7572574285324953,0.7593649976086236
238,0.3,600.0,350.0,0.758772041868971,0.7600095587356733
239,0.3,600.0,360.0,0.7609270896184244,0.7600095587356733
240,0.3,600.0,370.0,0.7609270896184244,0.7600095587356733
241,0.3,600.0,380.0,0.7609270896184244,0.7600095587356733
242,0.3,600.0,390.0,0.7609270896184244,0.7600095587356733
243,0.3,600.0,400.0,0.7609270896184244,0.7600095587356733
244,0.3,600.0,410.0,0.7609270896184244,0.7600095587356733
245,0.3,600.0,420.0,0.7609270896184244,0.7600095587356733
246,0.3,600.0,430.0,0.7609270896184244,0.7600095587356733
247,0.3,600.0,440.0,0.7609270896184244,0.7600095587356733
248,0.3,600.0,450.0,0.7609270896184244,0.7600095587356733
249,0.3,600.0,460.0,0.7609270896184244,0.7600095587356733
250,0.3,600.0,470.0,0.7609270896184244,0.7600095587356733
251,0.3,600.0,480.0,0.7609270896184244,0.7600095587356733
252,0.3,600.0,490.0,0.7609270896184244,0.7600095587356733
253,0.3,600.0,500.0,0.7609270896184244,0.7600095587356733
254,0.3,600.0,510.0,0.7609270896184244,0.7600095587356733
255,0.3,600.0,520.0,0.7609270896184244,0.7600095587356733
256,0.3,600.0,530.0,0.7609270896184244,0.7600095587356733
257,0.3,600.0,540.0,0.7609270896184244,0.7600095587356733
258,0.3,600.0,550.0,0.7609270896184244,0.7600095587356733
259,0.3,600.0,560.0,0.7609270896184244,0.7600095587356733
260,0.3,600.0,570.0,0.7609270896184244,0.7600095587356733
261,0.3,600.0,580.0,0.7609270896184244,0.7600095587356733
262,0.3,600.0,590.0,0.7609270896184244,0.7600095587356733
263,0.3,600.0,600.0,0.7609270896184244,0.7600095587356733
264,0.3,600.0,610.0,0.7609270896184244,0.7600095587356733
265,0.3,600.0,620.0,0.7609270896184244,0.7600095587356733
266,0.3,600.0,630.0,0.7609270896184244,0.7600095587356733
267,0.3,600.0,640.0,0.7609270896184244,0.7600095587356733
268,0.3,600.0,650.0,0.7609270896184244,0.7600095587356733
269,0.3,600.0,660.0,0.7609270896184244,0.7600095587356733
270,0.3,600.0,670.0,0.7609270896184244,0.7600095587356733
271,0.3,600.0,680.0,0.7609270896184244,0.7600095587356733
272,0.3,600.0,690.0,0.7609270896184244,0.7600095587356733
273,0.3,600.0,700.0,0.7609270896184244,0.7600095587356733
274,0.3,600.0,710.0,0.7609270896184244,0.7600095587356733
275,0.3,600.0,720.0,0.7609270896184244,0.7600095587356733
276,0.3,600.0,730.0,0.7609270896184244,0.7600095587356733
277,0.3,600.0,740.0,0.7609270896184244,0.7600095587356733
278,0.3,600.0,750.0,0.7609270896184244,0.7600095587356733
279,0.3,600.0,760.0,0.7609270896184244,0.7600095587356733
280,0.3,600.0,770.0,0.7609270896184244,0.7600095587356733
281,0.3,600.0,780.0,0.7609270896184244,0.7600095587356733
282,0.3,600.0,790.0,0.7609270896184244,0.7600095587356733
283,0.3,600.0,800.0,0.7609270896184244,0.7600095587356733
284,0.3,600.0,810.0,0.7609270896184244,0.7600095587356733
285,0.3,600.0,820.0,0.7609270896184244,0.7600095587356733
286,0.3,600.0,830.0,0.7609270896184244,0.7600095587356733
287,0.3,600.0,840.0,0.7609270896184244,0.7600095587356733
288,0.3,600.0,850.0,0.7609270896184244,0.7600095587356733
289,0.3,600.0,860.0,0.7609270896184244,0.7600095587356733
290,0.3,600.0,870.0,0.7609270896184244,0.7600095587356733
291,0.3,600.0,880.0,0.7609270896184244,0.7600095587356733
292,0.3,600.0,890.0,0.7609270896184244,0.7600095587356733
293,0.3,600.0,900.0,0.7609270896184244,0.7600095587356733
294,0.3,600.0,910.0,0.7609270896184244,0.7600095587356733
295,0.3,600.0,920.0,0.7609270896184244,0.7600095587356733
296,0.3,600.0,930.0,0.7609270896184244,0.7600095587356733
297,0.3,600.0,940.0,0.7609270896184244,0.7600095587356733
298,0.3,600.0,950.0,0.7609270896184244,0.7600095587356733
299,0.3,600.0,960.0,0.7609270896184244,0.7600095587356733
300,0.3,600.0,970.0,0.7609270896184244,0.7600095587356733
301,0.3,600.0,980.0,0.7609270896184244,0.7600095587356733
302,0.3,600.0,990.0,0.7609270896184244,0.7600095587356733
303,0.3,600.0,999.0,0.7609270896184244,0.7600095587356733
304,0.4,200.0,0.0,0.0637549656734402,0.06764817363895705
305,0.4,200.0,10.0,0.21807972610147344,0.208369947677715
306,0.4,200.0,20.0,0.6251770343639705,0.6356644557159579
307,0.4,200.0,30.0,0.6337631173845396,0.6451720546891122
308,0.4,200.0,40.0,0.6355466791989391,0.6443138496586921
309,0.4,200.0,50.0,0.6395120268158393,0.6490519342106821
310,0.4,200.0,60.0,0.6411586813575192,0.6509395240591388
311,0.4,200.0,70.0,0.6443251741550428,0.6537628953453019
312,0.4,200.0,80.0,0.6436702239145962,0.6528228305561397
313,0.4,200.0,90.0,0.6443251741550428,0.6537628953453019
314,0.4,200.0,100.0,0.6481215729699585,0.6565768219780973
315,0.4,200.0,110.0,0.6490974266549037,0.6575127323656735
316,0.4,200.0,120.0,0.6489724882092838,0.6584476222948588
317,0.4,200.0,130.0,0.6490974266549037,0.6575127323656735
318,0.4,200.0,140.0,0.651242529874932,0.659381499084558
319,0.4,200.0,150.0,0.650918601867411,0.659381499084558
320,0.4,200.0,160.0,0.650918601867411,0.659381499084558
321,0.4,200.0,170.0,0.6525370398474175,0.659381499084558
322,0.4,200.0,180.0,0.6593811605449242,0.6583620508546776
323,0.4,200.0,190.0,0.650918601867411,0.659381499084558
324,0.4,200.0,200.0,0.657374587677809,0.6603143700859351
325,0.4,200.0,210.0,0.6587425992093198,0.6583620508546776
326,0.4,200.0,220.0,0.6604453394213258,0.6588773352892955
327,0.4,200.0,230.0,0.6614663834819012,0.659287335840774
328,0.4,200.0,240.0,0.6627374617467868,0.659287335840774
329,0.4,200.0,250.0,0.6632226643627717,0.6602116127708564
330,0.4,200.0,260.0,0.6663888665906661,0.66426436115325
331,0.4,200.0,270.0,0.6681085965420374,0.6627872553859395
332,0.4,200.0,280.0,0.669001549410634,0.6640275707898659
333,0.4,200.0,290.0,0.6732089223673765,0.6676438354398145
334,0.4,200.0,300.0,0.6734759427237595,0.6694462508013905
335,0.4,200.0,310.0,0.6734759427237595,0.6694462508013905
336,0.4,200.0,320.0,0.670071747771349,0.664933084368821
337,0.4,200.0,330.0,0.6740935790780858,0.6694462508013905
338,0.4,200.0,340.0,0.6753276644378122,0.671244933134184
339,0.4,200.0,350.0,0.6769926181641367,0.6748313374936752
340,0.4,200.0,360.0,0.6765601826680299,0.6730399419620505
341,0.4,200.0,370.0,0.6768680696237722,0.6739360875993023
342,0.4,200.0,380.0,0.6788348360555967,0.675725699283083
343,0.4,200.0,390.0,0.6785280377490369,0.675725699283083
344,0.4,200.0,400.0,0.6812858467963833,0.6766191806519769
345,0.4,200.0,410.0,0.6846464044341537,0.6784035331046062
346,0.4,200.0,420.0,0.687083693590716,0.679294419798834
347,0.4,200.0,430.0,0.6852562515295474,0.679294419798834
348,0.4,200.0,440.0,0.6890102607740868,0.6828495541875355
349,0.4,200.0,450.0,0.6887069282483028,0.6828495541875355
350,0.4,200.0,460.0,0.6908285055918056,0.6837362747488221
351,0.4,200.0,470.0,0.6923414541067373,0.6837362747488221
352,0.4,200.0,480.0,0.6929460695660102,0.6846221863116473
353,0.4,200.0,490.0,0.6929460695660102,0.6846221863116473
354,0.4,200.0,500.0,0.694456222101242,0.687275149370999
355,0.4,200.0,510.0,0.6933409293549214,0.6848127489723453
356,0.4,200.0,520.0,0.6945468350727712,0.6865719611438789
357,0.4,200.0,530.0,0.6945468350727712,0.6865719611438789
358,0.4,200.0,540.0,0.6948851672562881,0.6935779995549439
359,0.4,200.0,550.0,0.6954834822006568,0.6935779995549439
360,0.4,200.0,560.0,0.6957825242033812,0.6935779995549439
361,0.4,200.0,570.0,0.6973508343682232,0.6935779995549439
362,0.4,200.0,580.0,0.697946879765486,0.6935779995549439
363,0.4,200.0,590.0,0.7070567198663585,0.7006571148303431
364,0.4,200.0,600.0,0.7088180611627827,0.7023775987238807
365,0.4,200.0,610.0,0.7079376693979461,0.7023690966875984
366,0.4,200.0,620.0,0.711163125514996,0.7049241241263604
367,0.4,200.0,630.0,0.7147037623530665,0.7125312983020492
368,0.4,200.0,640.0,0.7173268692730292,0.7116057908753689
369,0.4,200.0,650.0,0.7188498724921341,0.716620941110737
370,0.4,200.0,660.0,0.7188498724921341,0.7174550277692355
371,0.4,200.0,670.0,0.7185668068953038,0.7156434600108035
372,0.4,200.0,680.0,0.7197071256191782,0.7197811675990046
373,0.4,200.0,690.0,0.7208495882097963,0.7197811675990046
374,0.4,200.0,700.0,0.7199693349224999,0.7187544310737616
375,0.4,200.0,710.0,0.721959443599287,0.7203944940545246
376,0.4,200.0,720.0,0.7204475256719459,0.7203944940545246
377,0.4,200.0,730.0,0.723141968521533,0.7201472324466976
378,0.4,200.0,740.0,0.7223032113051748,0.7201472324466976
379,0.4,200.0,750.0,0.7239803271997493,0.7190578669778853
380,0.4,200.0,760.0,0.7256558976645519,0.7198643435084386
381,0.4,200.0,770.0,0.7256558976645519,0.7198643435084386
382,0.4,200.0,780.0,0.7336066380733787,0.7271009820738649
383,0.4,200.0,790.0,0.734430574689974,0.7303061379164933
384,0.4,200.0,800.0,0.7340611163949778,0.7287043290993258
385,0.4,200.0,810.0,0.7336737170636721,0.7330620580620579
386,0.4,200.0,820.0,0.7344816473943584,0.7338535462022856
387,0.4,200.0,830.0,0.7344893488072948,0.7346447063947537
388,0.4,200.0,840.0,0.7358271125408293,0.736226096317678
389,0.4,200.0,850.0,0.7363620024027864,0.7378063366874803
390,0.4,200.0,860.0,0.7384612002284808,0.7401747885441522
391,0.4,200.0,870.0,0.7408546369130679,0.7375869637021003
392,0.4,200.0,880.0,0.7414539312994426,0.7375869637021003
393,0.4,200.0,890.0,0.7422385226956172,0.7375869637021003
394,0.4,200.0,900.0,0.7455090869206298,0.738978927319701
395,0.4,200.0,910.0,0.7438653582234853,0.7406510905767946
396,0.4,200.0,920.0,0.7442780928282335,0.740439370153656
397,0.4,200.0,930.0,0.7453168206916705,0.7411688158696793
398,0.4,200.0,940.0,0.747101821981663,0.740205151300457
399,0.4,200.0,950.0,0.7473567305195831,0.7409221950226672
400,0.4,200.0,960.0,0.747001632249265,0.7394521825172613
401,0.4,200.0,970.0,0.747499675782785,0.7394521825172613
402,0.4,200.0,980.0,0.7499880877416399,0.7408300436203454
403,0.4,200.0,990.0,0.7504854404383723,0.7408300436203454
404,0.4,200.0,999.0,0.751976922705422,0.7415177395068698
405,0.4,400.0,0.0,0.17710305926826939,0.19640703277066912
406,0.4,400.0,10.0,0.6292263279652066,0.6353085428117993
407,0.4,400.0,20.0,0.6346323917815179,0.6374743529433953
408,0.4,400.0,30.0,0.6349656140914768,0.6384405894309713
409,0.4,400.0,40.0,0.6366297119446777,0.6451720546891122
410,0.4,400.0,50.0,0.6376399205856961,0.6470851935037328
411,0.4,400.0,60.0,0.6376399205856961,0.6470851935037328
412,0.4,400.0,70.0,0.64125913506513,0.6448155526372515
413,0.4,400.0,80.0,0.64355280754083,0.6457605587689621
414,0.4,400.0,90.0,0.6431074701225449,0.6457605587689621
415,0.4,400.0,100.0,0.6437611468590002,0.6476472497648151
416,0.4,400.0,110.0,0.6437611468590002,0.6476472497648151
417,0.4,400.0,120.0,0.64514856862442,0.6490521864384352
418,0.4,400.0,130.0,0.64514856862442,0.6490521864384352
419,0.4,400.0,140.0,0.6482677687702066,0.6522852803154864
420,0.4,400.0,150.0,0.6529748142635512,0.6559895650967239
421,0.4,400.0,160.0,0.6518753367236944,0.6559895650967239
422,0.4,400.0,170.0,0.653801917395406,0.6596772924045652
423,0.4,400.0,180.0,0.6570034794838191,0.6596772924045652
424,0.4,400.0,190.0,0.6585999246746144,0.6624324952875744
425,0.4,400.0,200.0,0.6598750316132197,0.663348916978858
426,0.4,400.0,210.0,0.6624198579723025,0.6660923462849735
427,0.4,400.0,220.0,0.6633723394353739,0.6670049020016893
428,0.4,400.0,230.0,0.6633723394353739,0.6679165097218811
429,0.4,400.0,240.0,0.6662239035210331,0.6697369111162215
430,0.4,400.0,250.0,0.6657546703487972,0.6697369111162215
431,0.4,400.0,260.0,0.6679645403274238,0.6706457198629018
432,0.4,400.0,270.0,0.6711125812587572,0.6751761493256763
433,0.4,400.0,280.0,0.6753118876184965,0.6787846216126958
434,0.4,400.0,290.0,0.6778014676032448,0.6805837412413888
435,0.4,400.0,300.0,0.678422900473702,0.6814820501158569
436,0.4,400.0,310.0,0.6832000108478002,0.6832762068454454
437,0.4,400.0,320.0,0.6876327321742679,0.6846221863116473
438,0.4,400.0,330.0,0.6947774102167014,0.687275149370999
439,0.4,400.0,340.0,0.6962996220147679,0.6908016121809225
440,0.4,400.0,350.0,0.6987120215558806,0.6918309760415023
441,0.4,400.0,360.0,0.7026349885608781,0.6961931660101986
442,0.4,400.0,370.0,0.7043003413435039,0.7005380580710796
443,0.4,400.0,380.0,0.709390569131239,0.7022714281371354
444,0.4,400.0,390.0,0.7092880901298166,0.7014723956689071
445,0.4,400.0,400.0,0.7120183089836543,0.7040537413969333
446,0.4,400.0,410.0,0.7168405857382777,0.7083108621838079
447,0.4,400.0,420.0,0.7194891665883099,0.7083108621838079
448,0.4,400.0,430.0,0.7197083461639139,0.7116057908753689
449,0.4,400.0,440.0,0.7214205466475082,0.7174550277692355
450,0.4,400.0,450.0,0.7279174838434304,0.7150174650940347
451,0.4,400.0,460.0,0.7296168242814849,0.7166352707716199
452,0.4,400.0,470.0,0.7307490880228881,0.7174433409727526
453,0.4,400.0,480.0,0.7346599875526812,0.7230852544112423
454,0.4,400.0,490.0,0.7352239931057007,0.7230852544112423
455,0.4,400.0,500.0,0.7363529613922097,0.7270789479899504
456,0.4,400.0,510.0,0.7401921925201557,0.7317914236678156
457,0.4,400.0,520.0,0.7384612002284808,0.7308386341549608
458,0.4,400.0,530.0,0.7439161025630834,0.7406510905767946
459,0.4,400.0,540.0,0.7470274231673854,0.7405863306995812
460,0.4,400.0,550.0,0.7463369635499215,0.7465032082386279
461,0.4,400.0,560.0,0.7473411507672406,0.7455353198793432
462,0.4,400.0,570.0,0.7497393727539965,0.7452123280859809
463,0.4,400.0,580.0,0.7517478828554226,0.7487726542581515
464,0.4,400.0,590.0,0.7546411794316563,0.7558588184693685
465,0.4,400.0,600.0,0.7577095304190469,0.7572713820893495
466,0.4,400.0,610.0,0.7600602675840763,0.7622059369202226
467,0.4,400.0,620.0,0.7583317613408497,0.7584595660040501
468,0.4,400.0,630.0,0.7569499991288883,0.7591279530006946
469,0.4,400.0,640.0,0.7593576004432533,0.7597956900392091
470,0.4,400.0,650.0,0.7593576004432533,0.7574258247075848
471,0.4,400.0,660.0,0.7593576004432533,0.7574258247075848
472,0.4,400.0,670.0,0.7593576004432533,0.7574258247075848
473,0.4,400.0,680.0,0.7593576004432533,0.7574258247075848
474,0.4,400.0,690.0,0.7609270896184244,0.7600095587356733
475,0.4,400.0,700.0,0.7609270896184244,0.7600095587356733
476,0.4,400.0,710.0,0.7609270896184244,0.7600095587356733
477,0.4,400.0,720.0,0.7609270896184244,0.7600095587356733
478,0.4,400.0,730.0,0.7609270896184244,0.7600095587356733
479,0.4,400.0,740.0,0.7609270896184244,0.7600095587356733
480,0.4,400.0,750.0,0.7609270896184244,0.7600095587356733
481,0.4,400.0,760.0,0.7609270896184244,0.7600095587356733
482,0.4,400.0,770.0,0.7609270896184244,0.7600095587356733
483,0.4,400.0,780.0,0.7609270896184244,0.7600095587356733
484,0.4,400.0,790.0,0.7609270896184244,0.7600095587356733
485,0.4,400.0,800.0,0.7609270896184244,0.7600095587356733
486,0.4,400.0,810.0,0.7609270896184244,0.7600095587356733
487,0.4,400.0,820.0,0.7609270896184244,0.7600095587356733
488,0.4,400.0,830.0,0.7609270896184244,0.7600095587356733
489,0.4,400.0,840.0,0.7609270896184244,0.7600095587356733
490,0.4,400.0,850.0,0.7609270896184244,0.7600095587356733
491,0.4,400.0,860.0,0.7609270896184244,0.7600095587356733
492,0.4,400.0,870.0,0.7609270896184244,0.7600095587356733
493,0.4,400.0,880.0,0.7609270896184244,0.7600095587356733
494,0.4,400.0,890.0,0.7609270896184244,0.7600095587356733
495,0.4,400.0,900.0,0.7609270896184244,0.7600095587356733
496,0.4,400.0,910.0,0.7609270896184244,0.7600095587356733
497,0.4,400.0,920.0,0.7609270896184244,0.7600095587356733
498,0.4,400.0,930.0,0.7609270896184244,0.7600095587356733
499,0.4,400.0,940.0,0.7609270896184244,0.7600095587356733
500,0.4,400.0,950.0,0.7609270896184244,0.7600095587356733
501,0.4,400.0,960.0,0.7609270896184244,0.7600095587356733
502,0.4,400.0,970.0,0.7609270896184244,0.7600095587356733
503,0.4,400.0,980.0,0.7609270896184244,0.7600095587356733
504,0.4,400.0,990.0,0.7609270896184244,0.7600095587356733
505,0.4,400.0,999.0,0.7609270896184244,0.7600095587356733
506,0.4,600.0,0.0,0.0927572741743963,0.10642686747876433
507,0.4,600.0,10.0,0.6326244671806921,0.6329930414963186
508,0.4,600.0,20.0,0.6373979366551539,0.6388295853176652
509,0.4,600.0,30.0,0.6373979366551539,0.6388295853176652
510,0.4,600.0,40.0,0.6373979366551539,0.6388295853176652
511,0.4,600.0,50.0,0.6380628603977346,0.6417320774463632
512,0.4,600.0,60.0,0.6386222346487371,0.6417320774463632
513,0.4,600.0,70.0,0.6386222346487371,0.642697283664303
514,0.4,600.0,80.0,0.6399479465692267,0.642697283664303
515,0.4,600.0,90.0,0.6412715694316402,0.6436613560439879
516,0.4,600.0,100.0,0.6429163607872261,0.6475064490661576
517,0.4,600.0,110.0,0.6458699073834682,0.6470851935037328
518,0.4,600.0,120.0,0.6458699073834682,0.6470851935037328
519,0.4,600.0,130.0,0.6495467471749629,0.647605172439604
520,0.4,600.0,140.0,0.6501428654271164,0.6490519342106821
521,0.4,600.0,150.0,0.6511138597788784,0.6485889484635774
522,0.4,600.0,160.0,0.651952886182858,0.6504690870344864
523,0.4,600.0,170.0,0.6525981227053773,0.6504690870344864
524,0.4,600.0,180.0,0.6529205620692246,0.6504690870344864
525,0.4,600.0,190.0,0.6528391615265016,0.6490521864384352
526,0.4,600.0,200.0,0.6525180057300304,0.6490521864384352
527,0.4,600.0,210.0,0.6541225997652842,0.6509226219796468
528,0.4,600.0,220.0,0.6550839419911408,0.6527887700534759
529,0.4,600.0,230.0,0.6550839419911408,0.6527887700534759
530,0.4,600.0,240.0,0.6573229977148551,0.6546506865718437
531,0.4,600.0,250.0,0.6582808642668881,0.6546506865718437
532,0.4,600.0,260.0,0.6568930098233304,0.6555800755923594
533,0.4,600.0,270.0,0.6575293421760695,0.6550650637527456
534,0.4,600.0,280.0,0.6591181734251285,0.6559895650967239
535,0.4,600.0,290.0,0.6594355991204458,0.6569130315609188
536,0.4,600.0,300.0,0.661021040292897,0.6578354702028203
537,0.4,600.0,310.0,0.6621350751797056,0.6578354702028203
538,0.4,600.0,320.0,0.6621350751797056,0.6578354702028203
539,0.4,600.0,330.0,0.6621350751797056,0.6578354702028203
540,0.4,600.0,340.0,0.6621350751797056,0.6578354702028203
541,0.4,600.0,350.0,0.6643441573308787,0.6587568881107523
542,0.4,600.0,360.0,0.6643441573308787,0.6587568881107523
543,0.4,600.0,370.0,0.6646593045616035,0.6587568881107523
544,0.4,600.0,380.0,0.6654462393253313,0.6605966902363409
545,0.4,600.0,390.0,0.6657605553977672,0.6605966902363409
546,0.4,600.0,400.0,0.6659149257939403,0.6615150887911091
547,0.4,600.0,410.0,0.6665422190759792,0.6615150887911091
548,0.4,600.0,420.0,0.6681085965420374,0.663348916978858
549,0.4,600.0,430.0,0.6687344113346076,0.6660923462849735
550,0.4,600.0,440.0,0.6693598089476346,0.6660923462849735
551,0.4,600.0,450.0,0.6696723520446083,0.6670049020016893
552,0.4,600.0,460.0,0.6718572746435036,0.6670049020016893
553,0.4,600.0,470.0,0.6715186133853942,0.666741209452286
554,0.4,600.0,480.0,0.6727616443993203,0.6685455134434726
555,0.4,600.0,490.0,0.6755526176008991,0.6685455134434726
556,0.4,600.0,500.0,0.6755071203966301,0.6730399419620505
557,0.4,600.0,510.0,0.6761244063655723,0.6739360875993023
558,0.4,600.0,520.0,0.6770496073511134,0.6748313374936752
559,0.4,600.0,530.0,0.6776659262419852,0.6748313374936752
560,0.4,600.0,540.0,0.6779739420729002,0.6748313374936752
561,0.4,600.0,550.0,0.6810489078131664,0.6768555940938823
562,0.4,600.0,560.0,0.6808619358087592,0.6777431172749406
563,0.4,600.0,570.0,0.6818976731411719,0.6786297734774563
564,0.4,600.0,580.0,0.6828147280432797,0.6804005159959335
565,0.4,600.0,590.0,0.6828147280432797,0.6804005159959335
566,0.4,600.0,600.0,0.6837309689589531,0.6812846179639293
567,0.4,600.0,610.0,0.6844512803058377,0.6821678842595978
568,0.4,600.0,620.0,0.6844512803058377,0.6821678842595978
569,0.4,600.0,630.0,0.6850602745925585,0.6830503228413196
570,0.4,600.0,640.0,0.6850602745925585,0.6830503228413196
571,0.4,600.0,650.0,0.6856689163903998,0.6839319417224258
572,0.4,600.0,660.0,0.687188995611079,0.6874503824954907
573,0.4,600.0,670.0,0.6896045521055786,0.6902166317641258
574,0.4,600.0,680.0,0.690207689244772,0.6910867637789679
575,0.4,600.0,690.0,0.6947208590232747,0.691956146492861
576,0.4,600.0,700.0,0.6962213105289085,0.692824788444313
577,0.4,600.0,710.0,0.6974203033462969,0.6945598845598846
578,0.4,600.0,720.0,0.6983187644092208,0.6945598845598846
579,0.4,600.0,730.0,0.7007114550351972,0.6962921218379609
580,0.4,600.0,740.0,0.7021110622296564,0.697225181156409
581,0.4,600.0,750.0,0.7031222948361746,0.6955835066071286
582,0.4,600.0,760.0,0.7031222948361746,0.6964328076990003
583,0.4,600.0,770.0,0.70382163320652,0.6964253791321461
584,0.4,600.0,780.0,0.704116060828004,0.6972682012770803
585,0.4,600.0,790.0,0.7052931061644803,0.6981103014018376
586,0.4,600.0,800.0,0.7052931061644803,0.6981103014018376
587,0.4,600.0,810.0,0.7061752022094095,0.6981103014018376
588,0.4,600.0,820.0,0.7055027886465763,0.6980626759279263
589,0.4,600.0,830.0,0.70815105870612,0.6997328725665963
590,0.4,600.0,840.0,0.7113894723364454,0.7038961038961039
591,0.4,600.0,850.0,0.7108401614098595,0.7047267181654534
592,0.4,600.0,860.0,0.7114124040140747,0.7047267181654534
593,0.4,600.0,870.0,0.7114124040140747,0.7047267181654534
594,0.4,600.0,880.0,0.7139846016004292,0.7055566758982909
595,0.4,600.0,890.0,0.7139846016004292,0.7055566758982909
596,0.4,600.0,900.0,0.7159307679906183,0.7080427012505442
597,0.4,600.0,910.0,0.7146396428675709,0.7070697609469134
598,0.4,600.0,920.0,0.7163131695436125,0.7103531057784462
599,0.4,600.0,930.0,0.7215446808959333,0.7152600588255407
600,0.4,600.0,940.0,0.7215446808959333,0.7152600588255407
601,0.4,600.0,950.0,0.7218217454031727,0.7142077096295731
602,0.4,600.0,960.0,0.7256267300651984,0.715826648829857
603,0.4,600.0,970.0,0.7259437460839292,0.7117050525426649
604,0.4,600.0,980.0,0.7309292845911136,0.7183510039250222
605,0.4,600.0,990.0,0.7313620679765596,0.7183510039250222
606,0.4,600.0,999.0,0.7324435591600007,0.7191271177265035
607,0.5,200.0,0.0,0.4767185305804954,0.5030219729181934
608,0.5,200.0,10.0,0.6431074701225449,0.6438694302330666
609,0.5,200.0,20.0,0.6468982886618456,0.6467044555097503
610,0.5,200.0,30.0,0.648846506203814,0.6504690870344864
611,0.5,200.0,40.0,0.6485221109794981,0.6490521864384352
612,0.5,200.0,50.0,0.6481975930397679,0.6490521864384352
613,0.5,200.0,60.0,0.6504666511872232,0.6518562284657686
614,0.5,200.0,70.0,0.6524068329779535,0.6546506865718437
615,0.5,200.0,80.0,0.6554958201108817,0.6541395205016468
616,0.5,200.0,90.0,0.6548527111786527,0.6541395205016468
617,0.5,200.0,100.0,0.6570034794838191,0.6550650637527456
618,0.5,200.0,110.0,0.660193526089671,0.6582149126239644
619,0.5,200.0,120.0,0.6627374617467868,0.6609613206453748
620,0.5,200.0,130.0,0.6632226643627717,0.663698743032536
621,0.5,200.0,140.0,0.6696871525632406,0.664933084368821
622,0.5,200.0,150.0,0.6766962498209922,0.6703460548918574
623,0.5,200.0,160.0,0.6802392408587566,0.6721428929895804
624,0.5,200.0,170.0,0.6839979130795854,0.6766191806519769
625,0.5,200.0,180.0,0.6833118921341237,0.6775117893323243
626,0.5,200.0,190.0,0.6835371223749621,0.6801844572955851
627,0.5,200.0,200.0,0.6845589150375618,0.6819620164781454
628,0.5,200.0,210.0,0.6936045706702696,0.68832802507837
629,0.5,200.0,220.0,0.6942045599865448,0.6874503824954907
630,0.5,200.0,230.0,0.6971249665131471,0.69008100747318
631,0.5,200.0,240.0,0.6984475976711914,0.6944504287074937
632,0.5,200.0,250.0,0.7040058658380126,0.697225181156409
633,0.5,200.0,260.0,0.7045902501360315,0.6980841836406162
634,0.5,200.0,270.0,0.7151294905114924,0.7080427012505442
635,0.5,200.0,280.0,0.7211350897984238,0.7103531057784462
636,0.5,200.0,290.0,0.7253661375355749,0.712586444354419
637,0.5,200.0,300.0,0.7354045734549202,0.7247166278214985
638,0.5,200.0,310.0,0.7361467624934263,0.7281605739285376
639,0.5,200.0,320.0,0.7399854747888035,0.7293723572848746
640,0.5,200.0,330.0,0.7499080516546854,0.7380709956709957
641,0.5,200.0,340.0,0.7506787807509672,0.7380709956709957
642,0.5,200.0,350.0,0.7556953460697714,0.7449500140147621
643,0.5,200.0,360.0,0.7574303682955956,0.7469425047314495
644,0.5,200.0,370.0,0.758421345309692,0.7509018501155743
645,0.5,200.0,380.0,0.7599300679630164,0.7567775974025974
646,0.5,200.0,390.0,0.7599300679630164,0.7567775974025974
647,0.5,200.0,400.0,0.7606661570139809,0.7587195228584315
648,0.5,200.0,410.0,0.7609270896184244,0.7600095587356733
649,0.5,200.0,420.0,0.7609270896184244,0.7600095587356733
650,0.5,200.0,430.0,0.7609270896184244,0.7600095587356733
651,0.5,200.0,440.0,0.7609270896184244,0.7600095587356733
652,0.5,200.0,450.0,0.7609270896184244,0.7600095587356733
653,0.5,200.0,460.0,0.7609270896184244,0.7600095587356733
654,0.5,200.0,470.0,0.7609270896184244,0.7600095587356733
655,0.5,200.0,480.0,0.7609270896184244,0.7600095587356733
656,0.5,200.0,490.0,0.7609270896184244,0.7600095587356733
657,0.5,200.0,500.0,0.7609270896184244,0.7600095587356733
658,0.5,200.0,510.0,0.7609270896184244,0.7600095587356733
659,0.5,200.0,520.0,0.7609270896184244,0.7600095587356733
660,0.5,200.0,530.0,0.7609270896184244,0.7600095587356733
661,0.5,200.0,540.0,0.7609270896184244,0.7600095587356733
662,0.5,200.0,550.0,0.7609270896184244,0.7600095587356733
663,0.5,200.0,560.0,0.7609270896184244,0.7600095587356733
664,0.5,200.0,570.0,0.7609270896184244,0.7600095587356733
665,0.5,200.0,580.0,0.7609270896184244,0.7600095587356733
666,0.5,200.0,590.0,0.7609270896184244,0.7600095587356733
667,0.5,200.0,600.0,0.7609270896184244,0.7600095587356733
668,0.5,200.0,610.0,0.7609270896184244,0.7600095587356733
669,0.5,200.0,620.0,0.7609270896184244,0.7600095587356733
670,0.5,200.0,630.0,0.7609270896184244,0.7600095587356733
671,0.5,200.0,640.0,0.7609270896184244,0.7600095587356733
672,0.5,200.0,650.0,0.7609270896184244,0.7600095587356733
673,0.5,200.0,660.0,0.7609270896184244,0.7600095587356733
674,0.5,200.0,670.0,0.7609270896184244,0.7600095587356733
675,0.5,200.0,680.0,0.7609270896184244,0.7600095587356733
676,0.5,200.0,690.0,0.7609270896184244,0.7600095587356733
677,0.5,200.0,700.0,0.7609270896184244,0.7600095587356733
678,0.5,200.0,710.0,0.7609270896184244,0.7600095587356733
679,0.5,200.0,720.0,0.7609270896184244,0.7600095587356733
680,0.5,200.0,730.0,0.7609270896184244,0.7600095587356733
681,0.5,200.0,740.0,0.7609270896184244,0.7600095587356733
682,0.5,200.0,750.0,0.7609270896184244,0.7600095587356733
683,0.5,200.0,760.0,0.7609270896184244,0.7600095587356733
684,0.5,200.0,770.0,0.7609270896184244,0.7600095587356733
685,0.5,200.0,780.0,0.7609270896184244,0.7600095587356733
686,0.5,200.0,790.0,0.7609270896184244,0.7600095587356733
687,0.5,200.0,800.0,0.7609270896184244,0.7600095587356733
688,0.5,200.0,810.0,0.7609270896184244,0.7600095587356733
689,0.5,200.0,820.0,0.7609270896184244,0.7600095587356733
690,0.5,200.0,830.0,0.7609270896184244,0.7600095587356733
691,0.5,200.0,840.0,0.7609270896184244,0.7600095587356733
692,0.5,200.0,850.0,0.7609270896184244,0.7600095587356733
693,0.5,200.0,860.0,0.7609270896184244,0.7600095587356733
694,0.5,200.0,870.0,0.7609270896184244,0.7600095587356733
695,0.5,200.0,880.0,0.7609270896184244,0.7600095587356733
696,0.5,200.0,890.0,0.7609270896184244,0.7600095587356733
697,0.5,200.0,900.0,0.7609270896184244,0.7600095587356733
698,0.5,200.0,910.0,0.7609270896184244,0.7600095587356733
699,0.5,200.0,920.0,0.7609270896184244,0.7600095587356733
700,0.5,200.0,930.0,0.7609270896184244,0.7600095587356733
701,0.5,200.0,940.0,0.7609270896184244,0.7600095587356733
702,0.5,200.0,950.0,0.7609270896184244,0.7600095587356733
703,0.5,200.0,960.0,0.7609270896184244,0.7600095587356733
704,0.5,200.0,970.0,0.7609270896184244,0.7600095587356733
705,0.5,200.0,980.0,0.7609270896184244,0.7600095587356733
706,0.5,200.0,990.0,0.7609270896184244,0.7600095587356733
707,0.5,200.0,999.0,0.7609270896184244,0.7600095587356733
708,0.5,400.0,0.0,0.1875456748634903,0.2211676251389803
709,0.5,400.0,10.0,0.6305721993005978,0.634330476304041
710,0.5,400.0,20.0,0.6319158554257726,0.6362854206479924
711,0.5,400.0,30.0,0.6412608635186229,0.6401811851155225
712,0.5,400.0,40.0,0.6415926959831784,0.6401811851155225
713,0.5,400.0,50.0,0.6429163607872261,0.646546841039021
714,0.5,400.0,60.0,0.646079404037792,0.6475064490661576
715,0.5,400.0,70.0,0.6499956720946365,0.6522881601812704
716,0.5,400.0,80.0,0.6535701659380582,0.6541933598283471
717,0.5,400.0,90.0,0.6542185195361298,0.6551443850267379
718,0.5,400.0,100.0,0.6571874166272752,0.6546943047695188
719,0.5,400.0,110.0,0.663177374316929,0.659381499084558
720,0.5,400.0,120.0,0.6688968121081506,0.6658908904499004
721,0.5,400.0,130.0,0.6692135495912398,0.6649638979069283
722,0.5,400.0,140.0,0.6714278099448922,0.6699619946330472
723,0.5,400.0,150.0,0.6726908478593194,0.6717961983757659
724,0.5,400.0,160.0,0.6741082059492557,0.6736267830530126
725,0.5,400.0,170.0,0.6758317088696942,0.6745407378636219
726,0.5,400.0,180.0,0.678025085187144,0.6745407378636219
727,0.5,400.0,190.0,0.6804965855206915,0.6772773474560518
728,0.5,400.0,200.0,0.6820522218356416,0.6781878257796626
729,0.5,400.0,210.0,0.6862156503696318,0.677883794673724
730,0.5,400.0,220.0,0.6869601853018011,0.6805837412413888
731,0.5,400.0,230.0,0.6886235814186216,0.6850671373368739
732,0.5,400.0,240.0,0.7023336407750446,0.6932751992834751
733,0.5,400.0,250.0,0.7045221857841966,0.6959209206109329
734,0.5,400.0,260.0,0.7051180802388864,0.7021836271894154
735,0.5,400.0,270.0,0.7051180802388864,0.7021836271894154
736,0.5,400.0,280.0,0.7080366794972808,0.7065321855728239
737,0.5,400.0,290.0,0.7083322891257764,0.7065321855728239
738,0.5,400.0,300.0,0.7092187528649515,0.7074001378311655
739,0.5,400.0,310.0,0.7108304563955702,0.7083189885894282
740,0.5,400.0,320.0,0.713301489369217,0.709192214035964
741,0.5,400.0,330.0,0.719131025456038,0.7142857142857143
742,0.5,400.0,340.0,0.7179913988203542,0.7151328250142479
743,0.5,400.0,350.0,0.7231323732523484,0.7184179738784481
744,0.5,400.0,360.0,0.7233796231779056,0.7199544685635165
745,0.5,400.0,370.0,0.724231227285835,0.7216185260039522
746,0.5,400.0,380.0,0.7258351259467625,0.7230830085347696
747,0.5,400.0,390.0,0.7273300216795021,0.7255550153945877
748,0.5,400.0,400.0,0.7369911894868626,0.7358956480114883
749,0.5,400.0,410.0,0.7366926512531629,0.7382957081285392
750,0.5,400.0,420.0,0.7372384459901328,0.7370163532596152
751,0.5,400.0,430.0,0.7432372676372873,0.731596284756136
752,0.5,400.0,440.0,0.7432372676372873,0.731596284756136
753,0.5,400.0,450.0,0.748141681831962,0.7338661894485338
754,0.5,400.0,460.0,0.7473099080996229,0.7316567255936732
755,0.5,400.0,470.0,0.7515609110331429,0.7366107133335873
756,0.5,400.0,480.0,0.7542705820493805,0.7394875048791818
757,0.5,400.0,490.0,0.7537610278274001,0.7398781234553246
758,0.5,400.0,500.0,0.7527893885758133,0.7426888013679784
759,0.5,400.0,510.0,0.7540319826455745,0.7447896668548841
760,0.5,400.0,520.0,0.754277607687538,0.7461869607430068
761,0.5,400.0,530.0,0.7541012043628016,0.7490296945104699
762,0.5,400.0,540.0,0.7571928004858262,0.7517382629729681
763,0.5,400.0,550.0,0.7590924639852208,0.7530881430666685
764,0.5,400.0,560.0,0.7593297876877328,0.7537620049860877
765,0.5,400.0,570.0,0.7591511614643978,0.7584595660040501
766,0.5,400.0,580.0,0.7591511614643978,0.7584595660040501
767,0.5,400.0,590.0,0.7598207724184938,0.7561284486657621
768,0.5,400.0,600.0,0.7611580471550213,0.7561284486657621
769,0.5,400.0,610.0,0.7612525350117064,0.7574258247075848
770,0.5,400.0,620.0,0.7615367145930291,0.7593649976086236
771,0.5,400.0,630.0,0.7615367145930291,0.7593649976086236
772,0.5,400.0,640.0,0.7609270896184244,0.7600095587356733
773,0.5,400.0,650.0,0.7609270896184244,0.7600095587356733
774,0.5,400.0,660.0,0.7609270896184244,0.7600095587356733
775,0.5,400.0,670.0,0.7609270896184244,0.7600095587356733
776,0.5,400.0,680.0,0.7609270896184244,0.7600095587356733
777,0.5,400.0,690.0,0.7609270896184244,0.7600095587356733
778,0.5,400.0,700.0,0.7609270896184244,0.7600095587356733
779,0.5,400.0,710.0,0.7609270896184244,0.7600095587356733
780,0.5,400.0,720.0,0.7609270896184244,0.7600095587356733
781,0.5,400.0,730.0,0.7609270896184244,0.7600095587356733
782,0.5,400.0,740.0,0.7609270896184244,0.7600095587356733
783,0.5,400.0,750.0,0.7609270896184244,0.7600095587356733
784,0.5,400.0,760.0,0.7609270896184244,0.7600095587356733
785,0.5,400.0,770.0,0.7609270896184244,0.7600095587356733
786,0.5,400.0,780.0,0.7609270896184244,0.7600095587356733
787,0.5,400.0,790.0,0.7609270896184244,0.7600095587356733
788,0.5,400.0,800.0,0.7609270896184244,0.7600095587356733
789,0.5,400.0,810.0,0.7609270896184244,0.7600095587356733
790,0.5,400.0,820.0,0.7609270896184244,0.7600095587356733
791,0.5,400.0,830.0,0.7609270896184244,0.7600095587356733
792,0.5,400.0,840.0,0.7609270896184244,0.7600095587356733
793,0.5,400.0,850.0,0.7609270896184244,0.7600095587356733
794,0.5,400.0,860.0,0.7609270896184244,0.7600095587356733
795,0.5,400.0,870.0,0.7609270896184244,0.7600095587356733
796,0.5,400.0,880.0,0.7609270896184244,0.7600095587356733
797,0.5,400.0,890.0,0.7609270896184244,0.7600095587356733
798,0.5,400.0,900.0,0.7609270896184244,0.7600095587356733
799,0.5,400.0,910.0,0.7609270896184244,0.7600095587356733
800,0.5,400.0,920.0,0.7609270896184244,0.7600095587356733
801,0.5,400.0,930.0,0.7609270896184244,0.7600095587356733
802,0.5,400.0,940.0,0.7609270896184244,0.7600095587356733
803,0.5,400.0,950.0,0.7609270896184244,0.7600095587356733
804,0.5,400.0,960.0,0.7609270896184244,0.7600095587356733
805,0.5,400.0,970.0,0.7609270896184244,0.7600095587356733
806,0.5,400.0,980.0,0.7609270896184244,0.7600095587356733
807,0.5,400.0,990.0,0.7609270896184244,0.7600095587356733
808,0.5,400.0,999.0,0.7609270896184244,0.7600095587356733
809,0.5,600.0,0.0,0.08203251798188511,0.10517998664461477
810,0.5,600.0,10.0,0.6331981744462569,0.6432544574069998
811,0.5,600.0,20.0,0.6379714799218899,0.6489939305842355
812,0.5,600.0,30.0,0.6422429056439033,0.6485553587826315
813,0.5,600.0,40.0,0.6438799647759592,0.65045247189785
814,0.5,600.0,50.0,0.6492971449133911,0.6495295585602612
815,0.5,600.0,60.0,0.6489148938118057,0.6514075408918686
816,0.5,600.0,70.0,0.6492382728387188,0.6514075408918686
817,0.5,600.0,80.0,0.6511759953038019,0.6499879436199829
818,0.5,600.0,90.0,0.6511759953038019,0.6499879436199829
819,0.5,600.0,100.0,0.6557242521813987,0.6559895650967239
820,0.5,600.0,110.0,0.6590931351341697,0.6596772924045652
821,0.5,600.0,120.0,0.6597296776039872,0.6596772924045652
822,0.5,600.0,130.0,0.6606836467963102,0.6605966902363409
823,0.5,600.0,140.0,0.6606836467963102,0.6615150887911091
824,0.5,600.0,150.0,0.6637135373516643,0.66426436115325
825,0.5,600.0,160.0,0.6652892749433652,0.6627872553859395
826,0.5,600.0,170.0,0.665918815141573,0.6627872553859395
827,0.5,600.0,180.0,0.6652892749433652,0.6627872553859395
828,0.5,600.0,190.0,0.6678048778082768,0.6673349977425211
829,0.5,600.0,200.0,0.6712528671065958,0.670052213443874
830,0.5,600.0,210.0,0.6746885182019403,0.6754618683178872
831,0.5,600.0,220.0,0.6751415597127798,0.6754618683178872
832,0.5,600.0,230.0,0.6749330932287633,0.6766191806519769
833,0.5,600.0,240.0,0.6777178902210922,0.6753017772542963
834,0.5,600.0,250.0,0.6776659262419852,0.6770691244239632
835,0.5,600.0,260.0,0.6776659262419852,0.6770691244239632
836,0.5,600.0,270.0,0.678713376897531,0.6788329611790365
837,0.5,600.0,280.0,0.6796347492908257,0.6797135822075484
838,0.5,600.0,290.0,0.6799416856588446,0.6805933485997795
839,0.5,600.0,300.0,0.6814749732244291,0.6805933485997795
840,0.5,600.0,310.0,0.6830059656194731,0.6814722681171527
841,0.5,600.0,320.0,0.6863817414062043,0.6841040238300512
842,0.5,600.0,330.0,0.690207689244772,0.6910867637789679
843,0.5,600.0,340.0,0.6924036418752382,0.691956146492861
844,0.5,600.0,350.0,0.6980969819864208,0.6980215711641139
845,0.5,600.0,360.0,0.6989934349958041,0.6980215711641139
846,0.5,600.0,370.0,0.7053133920882219,0.7014723956689071
847,0.5,600.0,380.0,0.7074452753334555,0.7015274736005135
848,0.5,600.0,390.0,0.7103998671432048,0.7015274736005135
849,0.5,600.0,400.0,0.7124645856157097,0.7023775987238807
850,0.5,600.0,410.0,0.7149339315308975,0.7057717139893409
851,0.5,600.0,420.0,0.7179092315787046,0.7057295423801246
852,0.5,600.0,430.0,0.7211448208779422,0.7064935064935065
853,0.5,600.0,440.0,0.7228804164501061,0.7098288130474177
854,0.5,600.0,450.0,0.7248963818811444,0.7098288130474177
855,0.5,600.0,460.0,0.7265276886003474,0.7085226022051907
856,0.5,600.0,470.0,0.7313150429697601,0.7131330625628415
857,0.5,600.0,480.0,0.7323559403511196,0.7163434502337103
858,0.5,600.0,490.0,0.7348892338223021,0.7163434502337103
859,0.5,600.0,500.0,0.7347728167229143,0.720343524256898
860,0.5,600.0,510.0,0.73582663420288,0.7231392896962351
861,0.5,600.0,520.0,0.7387394746496093,0.7258249519903657
862,0.5,600.0,530.0,0.7392950419313176,0.7258249519903657
863,0.5,600.0,540.0,0.7379983641601391,0.7258249519903657
864,0.5,600.0,550.0,0.7448719435354382,0.7314655635791517
865,0.5,600.0,560.0,0.7440418206489562,0.7300804581118749
866,0.5,600.0,570.0,0.7506913500912458,0.733896095720973
867,0.5,600.0,580.0,0.7510349095330505,0.7353182899574653
868,0.5,600.0,590.0,0.7545133259550673,0.738247909262115
869,0.5,600.0,600.0,0.7533983365633821,0.7409221950226672
870,0.5,600.0,610.0,0.7533983365633821,0.7409221950226672
871,0.5,600.0,620.0,0.7557025904466398,0.7452123280859809
872,0.5,600.0,630.0,0.758450512599173,0.7509029987353687
873,0.5,600.0,640.0,0.7588058046435722,0.7496691941070412
874,0.5,600.0,650.0,0.7609999908457324,0.7456151325310204
875,0.5,600.0,660.0,0.7635512473951743,0.7495858472236424
876,0.5,600.0,670.0,0.7623745777122299,0.7528688144950627
877,0.5,600.0,680.0,0.7635303002945812,0.7541754541754543
878,0.5,600.0,690.0,0.7604897315662967,0.7548273790266672
879,0.5,600.0,700.0,0.7618257276181942,0.7574258247075848
880,0.5,600.0,710.0,0.7606661570139809,0.7587195228584315
881,0.5,600.0,720.0,0.7606661570139809,0.7587195228584315
882,0.5,600.0,730.0,0.7615367145930291,0.7593649976086236
883,0.5,600.0,740.0,0.7609270896184244,0.7600095587356733
884,0.5,600.0,750.0,0.7609270896184244,0.7600095587356733
885,0.5,600.0,760.0,0.7609270896184244,0.7600095587356733
886,0.5,600.0,770.0,0.7609270896184244,0.7600095587356733
887,0.5,600.0,780.0,0.7609270896184244,0.7600095587356733
888,0.5,600.0,790.0,0.7609270896184244,0.7600095587356733
889,0.5,600.0,800.0,0.7609270896184244,0.7600095587356733
890,0.5,600.0,810.0,0.7609270896184244,0.7600095587356733
891,0.5,600.0,820.0,0.7609270896184244,0.7600095587356733
892,0.5,600.0,830.0,0.7609270896184244,0.7600095587356733
893,0.5,600.0,840.0,0.7609270896184244,0.7600095587356733
894,0.5,600.0,850.0,0.7609270896184244,0.7600095587356733
895,0.5,600.0,860.0,0.7609270896184244,0.7600095587356733
896,0.5,600.0,870.0,0.7609270896184244,0.7600095587356733
897,0.5,600.0,880.0,0.7609270896184244,0.7600095587356733
898,0.5,600.0,890.0,0.7609270896184244,0.7600095587356733
899,0.5,600.0,900.0,0.7609270896184244,0.7600095587356733
900,0.5,600.0,910.0,0.7609270896184244,0.7600095587356733
901,0.5,600.0,920.0,0.7609270896184244,0.7600095587356733
902,0.5,600.0,930.0,0.7609270896184244,0.7600095587356733
903,0.5,600.0,940.0,0.7609270896184244,0.7600095587356733
904,0.5,600.0,950.0,0.7609270896184244,0.7600095587356733
905,0.5,600.0,960.0,0.7609270896184244,0.7600095587356733
906,0.5,600.0,970.0,0.7609270896184244,0.7600095587356733
907,0.5,600.0,980.0,0.7609270896184244,0.7600095587356733
908,0.5,600.0,990.0,0.7609270896184244,0.7600095587356733
909,0.5,600.0,999.0,0.7609270896184244,0.7600095587356733
910,0.6000000000000001,200.0,0.0,0.4790529148402466,0.5002072506483092
911,0.6000000000000001,200.0,10.0,0.6357723035859043,0.6414576158596844
912,0.6000000000000001,200.0,20.0,0.6486547721362155,0.6481065153334061
913,0.6000000000000001,200.0,30.0,0.6487194759060475,0.6462123945078491
914,0.6000000000000001,200.0,40.0,0.6522442207357679,0.6537628953453019
915,0.6000000000000001,200.0,50.0,0.6592653809872766,0.6570160928282008
916,0.6000000000000001,200.0,60.0,0.6584829823213462,0.6570160928282008
917,0.6000000000000001,200.0,70.0,0.6615117703942712,0.6583620508546776
918,0.6000000000000001,200.0,80.0,0.6637160165412189,0.6611348888904682
919,0.6000000000000001,200.0,90.0,0.6652786916648479,0.6600468592118682
920,0.6000000000000001,200.0,100.0,0.6662173634782932,0.6618747836525615
921,0.6000000000000001,200.0,110.0,0.6677796885602876,0.663698743032536
922,0.6000000000000001,200.0,120.0,0.6687158195521998,0.6646092538146511
923,0.6000000000000001,200.0,130.0,0.6718295228419972,0.665518794990631
924,0.6000000000000001,200.0,140.0,0.6733825560689817,0.6664273738556525
925,0.6000000000000001,200.0,150.0,0.6788974187851194,0.6781547202622359
926,0.6000000000000001,200.0,160.0,0.6798200457911785,0.6781547202622359
927,0.6000000000000001,200.0,170.0,0.682276294046506,0.6817332455037858
928,0.6000000000000001,200.0,180.0,0.6842291334470031,0.6852985923791375
929,0.6000000000000001,200.0,190.0,0.688403511492518,0.6863916153276987
930,0.6000000000000001,200.0,200.0,0.6893135093991275,0.687275149370999
931,0.6000000000000001,200.0,210.0,0.6905256715042788,0.6890398984577067
932,0.6000000000000001,200.0,220.0,0.6934312164239623,0.6925603594133946
933,0.6000000000000001,200.0,230.0,0.6955371134109131,0.6916813522623685
934,0.6000000000000001,200.0,240.0,0.6975751814410192,0.6935779995549439
935,0.6000000000000001,200.0,250.0,0.6975751814410192,0.6935779995549439
936,0.6000000000000001,200.0,260.0,0.7005570269845082,0.6935779995549439
937,0.6000000000000001,200.0,270.0,0.7008548158317227,0.6935779995549439
938,0.6000000000000001,200.0,280.0,0.7050166223769866,0.6944504287074937
939,0.6000000000000001,200.0,290.0,0.710990072519048,0.6997483046467722
940,0.6000000000000001,200.0,300.0,0.7146411795689652,0.7049129505620635
941,0.6000000000000001,200.0,310.0,0.7144120474315372,0.7074900013078703
942,0.6000000000000001,200.0,320.0,0.7148990111059785,0.7040537413969333
943,0.6000000000000001,200.0,330.0,0.7188559654951865,0.7105231507161617
944,0.6000000000000001,200.0,340.0,0.7188559654951865,0.7105231507161617
945,0.6000000000000001,200.0,350.0,0.7222221571864574,0.7144436660294616
946,0.6000000000000001,200.0,360.0,0.724459078277123,0.712586444354419
947,0.6000000000000001,200.0,370.0,0.7241765227865129,0.712586444354419
948,0.6000000000000001,200.0,380.0,0.7326230416997167,0.7199783314397772
949,0.6000000000000001,200.0,390.0,0.7324106504677068,0.7199783314397772
950,0.6000000000000001,200.0,400.0,0.7333092173080992,0.7191271177265035
951,0.6000000000000001,200.0,410.0,0.7329366033261167,0.718638090711289
952,0.6000000000000001,200.0,420.0,0.7358275801892128,0.7255198003966477
953,0.6000000000000001,200.0,430.0,0.7383007026074374,0.7331100516855851
954,0.6000000000000001,200.0,440.0,0.7363657491690807,0.7270422954816522
955,0.6000000000000001,200.0,450.0,0.7444581803603427,0.733896095720973
956,0.6000000000000001,200.0,460.0,0.7496389297951928,0.735298489312965
957,0.6000000000000001,200.0,470.0,0.7479365186843574,0.7391029737888617
958,0.6000000000000001,200.0,480.0,0.7511781603516445,0.7373791428402888
959,0.6000000000000001,200.0,490.0,0.7509235048857528,0.7373791428402888
960,0.6000000000000001,200.0,500.0,0.7498662597884245,0.7373791428402888
961,0.6000000000000001,200.0,510.0,0.7509928386696583,0.7442604120349784
962,0.6000000000000001,200.0,520.0,0.752593795175672,0.7456269560165664
963,0.6000000000000001,200.0,530.0,0.754644177462919,0.7476709055156554
964,0.6000000000000001,200.0,540.0,0.7575003171816861,0.7530881430666685
965,0.6000000000000001,200.0,550.0,0.7575003171816861,0.7530881430666685
966,0.6000000000000001,200.0,560.0,0.7579302255376752,0.7544351572061333
967,0.6000000000000001,200.0,570.0,0.7586141313276749,0.7522140956830464
968,0.6000000000000001,200.0,580.0,0.7574979099959736,0.7528688144950627
969,0.6000000000000001,200.0,590.0,0.7595759210864468,0.7574258247075848
970,0.6000000000000001,200.0,600.0,0.7586046750636507,0.7541754541754543
971,0.6000000000000001,200.0,610.0,0.760066292951779,0.7600095587356733
972,0.6000000000000001,200.0,620.0,0.7609270896184244,0.7600095587356733
973,0.6000000000000001,200.0,630.0,0.7609270896184244,0.7600095587356733
974,0.6000000000000001,200.0,640.0,0.7609270896184244,0.7600095587356733
975,0.6000000000000001,200.0,650.0,0.7609270896184244,0.7600095587356733
976,0.6000000000000001,200.0,660.0,0.7609270896184244,0.7600095587356733
977,0.6000000000000001,200.0,670.0,0.7609270896184244,0.7600095587356733
978,0.6000000000000001,200.0,680.0,0.7609270896184244,0.7600095587356733
979,0.6000000000000001,200.0,690.0,0.7609270896184244,0.7600095587356733
980,0.6000000000000001,200.0,700.0,0.7609270896184244,0.7600095587356733
981,0.6000000000000001,200.0,710.0,0.7609270896184244,0.7600095587356733
982,0.6000000000000001,200.0,720.0,0.7609270896184244,0.7600095587356733
983,0.6000000000000001,200.0,730.0,0.7609270896184244,0.7600095587356733
984,0.6000000000000001,200.0,740.0,0.7609270896184244,0.7600095587356733
985,0.6000000000000001,200.0,750.0,0.7609270896184244,0.7600095587356733
986,0.6000000000000001,200.0,760.0,0.7609270896184244,0.7600095587356733
987,0.6000000000000001,200.0,770.0,0.7609270896184244,0.7600095587356733
988,0.6000000000000001,200.0,780.0,0.7609270896184244,0.7600095587356733
989,0.6000000000000001,200.0,790.0,0.7609270896184244,0.7600095587356733
990,0.6000000000000001,200.0,800.0,0.7609270896184244,0.7600095587356733
991,0.6000000000000001,200.0,810.0,0.7609270896184244,0.7600095587356733
992,0.6000000000000001,200.0,820.0,0.7609270896184244,0.7600095587356733
993,0.6000000000000001,200.0,830.0,0.7609270896184244,0.7600095587356733
994,0.6000000000000001,200.0,840.0,0.7609270896184244,0.7600095587356733
995,0.6000000000000001,200.0,850.0,0.7609270896184244,0.7600095587356733
996,0.6000000000000001,200.0,860.0,0.7609270896184244,0.7600095587356733
997,0.6000000000000001,200.0,870.0,0.7609270896184244,0.7600095587356733
998,0.6000000000000001,200.0,880.0,0.7609270896184244,0.7600095587356733
999,0.6000000000000001,200.0,890.0,0.7609270896184244,0.7600095587356733
1000,0.6000000000000001,200.0,900.0,0.7609270896184244,0.7600095587356733
1001,0.6000000000000001,200.0,910.0,0.7609270896184244,0.7600095587356733
1002,0.6000000000000001,200.0,920.0,0.7609270896184244,0.7600095587356733
1003,0.6000000000000001,200.0,930.0,0.7609270896184244,0.7600095587356733
1004,0.6000000000000001,200.0,940.0,0.7609270896184244,0.7600095587356733
1005,0.6000000000000001,200.0,950.0,0.7609270896184244,0.7600095587356733
1006,0.6000000000000001,200.0,960.0,0.7609270896184244,0.7600095587356733
1007,0.6000000000000001,200.0,970.0,0.7609270896184244,0.7600095587356733
1008,0.6000000000000001,200.0,980.0,0.7609270896184244,0.7600095587356733
1009,0.6000000000000001,200.0,990.0,0.7609270896184244,0.7600095587356733
1010,0.6000000000000001,200.0,999.0,0.7609270896184244,0.7600095587356733
1011,0.6000000000000001,400.0,0.0,0.2148394366420177,0.2551832666595475
1012,0.6000000000000001,400.0,10.0,0.6331120394132108,0.6372611167904678
1013,0.6000000000000001,400.0,20.0,0.6324398210870099,0.6386020740196614
1014,0.6000000000000001,400.0,30.0,0.6372686701539911,0.645024988656718
1015,0.6000000000000001,400.0,40.0,0.6372686701539911,0.645024988656718
1016,0.6000000000000001,400.0,50.0,0.6422559725527572,0.650378712628668
1017,0.6000000000000001,400.0,60.0,0.6422559725527572,0.650378712628668
1018,0.6000000000000001,400.0,70.0,0.6422559725527572,0.650378712628668
1019,0.6000000000000001,400.0,80.0,0.6434726777172806,0.6489939305842355
1020,0.6000000000000001,400.0,90.0,0.6454541213379016,0.6499466663104372
1021,0.6000000000000001,400.0,100.0,0.6461135898088507,0.6499466663104372
1022,0.6000000000000001,400.0,110.0,0.6457839185473256,0.6499466663104372
1023,0.6000000000000001,400.0,120.0,0.6457839185473256,0.6499466663104372
1024,0.6000000000000001,400.0,130.0,0.6514967185733225,0.6518817091739507
1025,0.6000000000000001,400.0,140.0,0.6537662100006414,0.6537628953453019
1026,0.6000000000000001,400.0,150.0,0.6539603219925773,0.6537628953453019
1027,0.6000000000000001,400.0,160.0,0.654929678928831,0.6537628953453019
1028,0.6000000000000001,400.0,170.0,0.660193526089671,0.6555800755923594
1029,0.6000000000000001,400.0,180.0,0.6614663834819012,0.6565084278954711
1030,0.6000000000000001,400.0,190.0,0.6624198579723025,0.6574357505998057
1031,0.6000000000000001,400.0,200.0,0.663388337789819,0.6578354702028203
1032,0.6000000000000001,400.0,210.0,0.663388337789819,0.6578354702028203
1033,0.6000000000000001,400.0,220.0,0.6637047147839811,0.6578354702028203
1034,0.6000000000000001,400.0,230.0,0.6640209827048549,0.6578354702028203
1035,0.6000000000000001,400.0,240.0,0.6632430043839664,0.6587568881107523
1036,0.6000000000000001,400.0,250.0,0.6659149257939403,0.6587568881107523
1037,0.6000000000000001,400.0,260.0,0.6688820945136146,0.6624324952875744
1038,0.6000000000000001,400.0,270.0,0.6688820945136146,0.6624324952875744
1039,0.6000000000000001,400.0,280.0,0.6715186133853942,0.66426436115325
1040,0.6000000000000001,400.0,290.0,0.6718295228419972,0.6651788351349756
1041,0.6000000000000001,400.0,300.0,0.6763034219416689,0.6658376281820682
1042,0.6000000000000001,400.0,310.0,0.6796961814249575,0.6676438354398145
1043,0.6000000000000001,400.0,320.0,0.6796961814249575,0.6676438354398145
1044,0.6000000000000001,400.0,330.0,0.6796961814249575,0.6676438354398145
1045,0.6000000000000001,400.0,340.0,0.6827706689159031,0.6694462508013905
1046,0.6000000000000001,400.0,350.0,0.6827706689159031,0.667931007674948
1047,0.6000000000000001,400.0,360.0,0.688892824940242,0.6750779160442664
1048,0.6000000000000001,400.0,370.0,0.6931581922337661,0.6759671962341866
1049,0.6000000000000001,400.0,380.0,0.6938667751951264,0.6753017772542963
1050,0.6000000000000001,400.0,390.0,0.6955719963450651,0.6805933485997795
1051,0.6000000000000001,400.0,400.0,0.6966014137748391,0.6807624429564869
1052,0.6000000000000001,400.0,410.0,0.697798017270604,0.6816360865162235
1053,0.6000000000000001,400.0,420.0,0.697946879765486,0.6868605079131395
1054,0.6000000000000001,400.0,430.0,0.6988403933164923,0.6877284119389382
1055,0.6000000000000001,400.0,440.0,0.7006254591039464,0.6894618642782284
1056,0.6000000000000001,400.0,450.0,0.7041880173836637,0.6955050842571481
1057,0.6000000000000001,400.0,460.0,0.703891511832361,0.6955050842571481
1058,0.6000000000000001,400.0,470.0,0.7068536220501541,0.6963654843180535
1059,0.6000000000000001,400.0,480.0,0.7074452753334555,0.6980841836406162
1060,0.6000000000000001,400.0,490.0,0.7077410083623223,0.6989425007169486
1061,0.6000000000000001,400.0,500.0,0.7095141203661208,0.7006571148303431
1062,0.6000000000000001,400.0,510.0,0.7115800476369293,0.7049322974472807
1063,0.6000000000000001,400.0,520.0,0.7115800476369293,0.7049322974472807
1064,0.6000000000000001,400.0,530.0,0.7133486236838525,0.7049322974472807
1065,0.6000000000000001,400.0,540.0,0.7146057202396636,0.7083413933431457
1066,0.6000000000000001,400.0,550.0,0.7146057202396636,0.7083413933431457
1067,0.6000000000000001,400.0,560.0,0.713857185980227,0.710892181987491
1068,0.6000000000000001,400.0,570.0,0.7141484569043153,0.710892181987491
1069,0.6000000000000001,400.0,580.0,0.7150456260163983,0.711741349806318
1070,0.6000000000000001,400.0,590.0,0.7153361289776992,0.711741349806318
1071,0.6000000000000001,400.0,600.0,0.7150843379416234,0.7142857142857143
1072,0.6000000000000001,400.0,610.0,0.7182791271019244,0.7184179738784481
1073,0.6000000000000001,400.0,620.0,0.7196975733497645,0.7226089285771328
1074,0.6000000000000001,400.0,630.0,0.7216752776987289,0.7241114895294994
1075,0.6000000000000001,400.0,640.0,0.725514461845184,0.7255550153945877
1076,0.6000000000000001,400.0,650.0,0.7249110294255489,0.7236691221158531
1077,0.6000000000000001,400.0,660.0,0.7317880612989935,0.7246928658157793
1078,0.6000000000000001,400.0,670.0,0.73373596025953,0.7246928658157793
1079,0.6000000000000001,400.0,680.0,0.7324785576789514,0.7254959997857915
1080,0.6000000000000001,400.0,690.0,0.7369655601017369,0.7351033481524999
1081,0.6000000000000001,400.0,700.0,0.7376197898050882,0.7343045926504573
1082,0.6000000000000001,400.0,710.0,0.7382147701023464,0.7359018234018233
1083,0.6000000000000001,400.0,720.0,0.7406623248346882,0.7359018234018233
1084,0.6000000000000001,400.0,730.0,0.740405325736228,0.7338535462022856
1085,0.6000000000000001,400.0,740.0,0.7407891066559924,0.7328191781169611
1086,0.6000000000000001,400.0,750.0,0.7418603481832287,0.7335941073851521
1087,0.6000000000000001,400.0,760.0,0.7393605414321082,0.7345296586932275
1088,0.6000000000000001,400.0,770.0,0.7396960146862213,0.7360591118879543
1089,0.6000000000000001,400.0,780.0,0.741840155419929,0.7383503202450572
1090,0.6000000000000001,400.0,790.0,0.741840155419929,0.7383503202450572
1091,0.6000000000000001,400.0,800.0,0.7419347958130877,0.736131752119909
1092,0.6000000000000001,400.0,810.0,0.7419347958130877,0.736131752119909
1093,0.6000000000000001,400.0,820.0,0.7437371038867785,0.7383932787087121
1094,0.6000000000000001,400.0,830.0,0.7442962653529644,0.7414029269699374
1095,0.6000000000000001,400.0,840.0,0.7498333718262197,0.747241165875773
1096,0.6000000000000001,400.0,850.0,0.7495821526835454,0.7465032082386279
1097,0.6000000000000001,400.0,860.0,0.7547868312120276,0.751612207519975
1098,0.6000000000000001,400.0,870.0,0.7565969209952657,0.7462792954172265
1099,0.6000000000000001,400.0,880.0,0.7565969209952657,0.7462792954172265
1100,0.6000000000000001,400.0,890.0,0.7563315789264043,0.7495858472236424
1101,0.6000000000000001,400.0,900.0,0.7555288672955062,0.7522140956830464
1102,0.6000000000000001,400.0,910.0,0.7560581874039842,0.7522140956830464
1103,0.6000000000000001,400.0,920.0,0.7584166868178336,0.7528688144950627
1104,0.6000000000000001,400.0,930.0,0.7577095304190469,0.7528688144950627
1105,0.6000000000000001,400.0,940.0,0.7588879479963959,0.7528688144950627
1106,0.6000000000000001,400.0,950.0,0.7602918818738931,0.753522599994446
1107,0.6000000000000001,400.0,960.0,0.7604891046333914,0.7548273790266672
1108,0.6000000000000001,400.0,970.0,0.7607186081424216,0.7548273790266672
1109,0.6000000000000001,400.0,980.0,0.7607186081424216,0.7548273790266672
1110,0.6000000000000001,400.0,990.0,0.7592038671454759,0.7587195228584315
1111,0.6000000000000001,400.0,999.0,0.7592038671454759,0.7587195228584315
1112,0.6000000000000001,600.0,0.0,0.06369803455938063,0.07501254341466529
1113,0.6000000000000001,600.0,10.0,0.21948635639371694,0.21725269131128572
1114,0.6000000000000001,600.0,20.0,0.233420072672699,0.2277096186837642
1115,0.6000000000000001,600.0,30.0,0.2805167150825224,0.27020042686297774
1116,0.6000000000000001,600.0,40.0,0.3388898718649867,0.32956697753959746
1117,0.6000000000000001,600.0,50.0,0.6282319274138317,0.6339687672763237
1118,0.6000000000000001,600.0,60.0,0.6336604521578888,0.6380418736794732
1119,0.6000000000000001,600.0,70.0,0.6373090313273952,0.6390033345543669
1120,0.6000000000000001,600.0,80.0,0.6376399205856961,0.6390033345543669
1121,0.6000000000000001,600.0,90.0,0.6386317966140489,0.6390033345543669
1122,0.6000000000000001,600.0,100.0,0.638962158934419,0.6409227871939737
1123,0.6000000000000001,600.0,110.0,0.638962158934419,0.6409227871939737
1124,0.6000000000000001,600.0,120.0,0.6396224906515925,0.6409227871939737
1125,0.6000000000000001,600.0,130.0,0.6396224906515925,0.6409227871939737
1126,0.6000000000000001,600.0,140.0,0.639952460585916,0.6428376603120669
1127,0.6000000000000001,600.0,150.0,0.6398416176900288,0.6428376603120669
1128,0.6000000000000001,600.0,160.0,0.6398416176900288,0.6428376603120669
1129,0.6000000000000001,600.0,170.0,0.6405004089518064,0.6437933968638557
1130,0.6000000000000001,600.0,180.0,0.6400588579669566,0.6437933968638557
1131,0.6000000000000001,600.0,190.0,0.6406026439024781,0.6457015047708576
1132,0.6000000000000001,600.0,200.0,0.6411433759058947,0.6466538901214638
1133,0.6000000000000001,600.0,210.0,0.6414710456776548,0.6466538901214638
1134,0.6000000000000001,600.0,220.0,0.644087794938933,0.647605172439604
1135,0.6000000000000001,600.0,230.0,0.6468982886618456,0.6495295585602612
1136,0.6000000000000001,600.0,240.0,0.6459225084965589,0.6485889484635774
1137,0.6000000000000001,600.0,250.0,0.6470981951300999,0.6495295585602612
1138,0.6000000000000001,600.0,260.0,0.6480713329283257,0.6499879436199829
1139,0.6000000000000001,600.0,270.0,0.6487194759060475,0.6499879436199829
1140,0.6000000000000001,600.0,280.0,0.6505305720271531,0.6527887700534759
1141,0.6000000000000001,600.0,290.0,0.6505305720271531,0.6527887700534759
1142,0.6000000000000001,600.0,300.0,0.6505305720271531,0.6527887700534759
1143,0.6000000000000001,600.0,310.0,0.6531093862543104,0.6537202537453066
1144,0.6000000000000001,600.0,320.0,0.6531093862543104,0.6537202537453066
1145,0.6000000000000001,600.0,330.0,0.654074476029112,0.6555800755923594
1146,0.6000000000000001,600.0,340.0,0.6534312011405717,0.6537202537453066
1147,0.6000000000000001,600.0,350.0,0.6534811170832386,0.6565084278954711
1148,0.6000000000000001,600.0,360.0,0.6525645934579206,0.6574357505998057
1149,0.6000000000000001,600.0,370.0,0.6525645934579206,0.6574357505998057
1150,0.6000000000000001,600.0,380.0,0.6528848472857901,0.6583620508546776
1151,0.6000000000000001,600.0,390.0,0.6528848472857901,0.6583620508546776
1152,0.6000000000000001,600.0,400.0,0.6541646791448478,0.6611348888904682
1153,0.6000000000000001,600.0,410.0,0.65448434262214,0.6611348888904682
1154,0.6000000000000001,600.0,420.0,0.6548038888559228,0.6611348888904682
1155,0.6000000000000001,600.0,430.0,0.6560809068885747,0.6620571714786591
1156,0.6000000000000001,600.0,440.0,0.6563998710574387,0.6620571714786591
1157,0.6000000000000001,600.0,450.0,0.6563998710574387,0.6620571714786591
1158,0.6000000000000001,600.0,460.0,0.656718719646394,0.6620571714786591
1159,0.6000000000000001,600.0,470.0,0.656718719646394,0.6620571714786591
1160,0.6000000000000001,600.0,480.0,0.656718719646394,0.6620571714786591
1161,0.6000000000000001,600.0,490.0,0.6576745747212271,0.6629784678487175
1162,0.6000000000000001,600.0,500.0,0.658629399627483,0.6629784678487175
1163,0.6000000000000001,600.0,510.0,0.658629399627483,0.6629784678487175
1164,0.6000000000000001,600.0,520.0,0.658629399627483,0.6629784678487175
1165,0.6000000000000001,600.0,530.0,0.658629399627483,0.6629784678487175
1166,0.6000000000000001,600.0,540.0,0.658629399627483,0.6629784678487175
1167,0.6000000000000001,600.0,550.0,0.658629399627483,0.6629784678487175
1168,0.6000000000000001,600.0,560.0,0.658629399627483,0.6629784678487175
1169,0.6000000000000001,600.0,570.0,0.658629399627483,0.6629784678487175
1170,0.6000000000000001,600.0,580.0,0.6605359892556548,0.6648181313632806
1171,0.6000000000000001,600.0,590.0,0.658629399627483,0.6629784678487175
1172,0.6000000000000001,600.0,600.0,0.6646531924787793,0.670314224453131
1173,0.6000000000000001,600.0,610.0,0.6627552554322201,0.6666539386539386
1174,0.6000000000000001,600.0,620.0,0.6646531924787793,0.670314224453131
1175,0.6000000000000001,600.0,630.0,0.6646531924787793,0.670314224453131
1176,0.6000000000000001,600.0,640.0,0.6649691349089589,0.670314224453131
1177,0.6000000000000001,600.0,650.0,0.6649691349089589,0.670314224453131
1178,0.6000000000000001,600.0,660.0,0.6649691349089589,0.670314224453131
1179,0.6000000000000001,600.0,670.0,0.6649691349089589,0.670314224453131
1180,0.6000000000000001,600.0,680.0,0.6649691349089589,0.670314224453131
1181,0.6000000000000001,600.0,690.0,0.6649691349089589,0.670314224453131
1182,0.6000000000000001,600.0,700.0,0.6649691349089589,0.670314224453131
1183,0.6000000000000001,600.0,710.0,0.6652849694201144,0.670314224453131
1184,0.6000000000000001,600.0,720.0,0.6652849694201144,0.670314224453131
1185,0.6000000000000001,600.0,730.0,0.6652849694201144,0.670314224453131
1186,0.6000000000000001,600.0,740.0,0.6668625333455116,0.6721388244899216
1187,0.6000000000000001,600.0,750.0,0.6668625333455116,0.6721388244899216
1188,0.6000000000000001,600.0,760.0,0.6693811298708711,0.6730497657033185
1189,0.6000000000000001,600.0,770.0,0.6709399293349815,0.6730497657033185
1190,0.6000000000000001,600.0,780.0,0.6740647541316354,0.6730497657033185
1191,0.6000000000000001,600.0,790.0,0.6740647541316354,0.6730497657033185
1192,0.6000000000000001,600.0,800.0,0.6740647541316354,0.6730497657033185
1193,0.6000000000000001,600.0,810.0,0.6746885182019403,0.6730497657033185
1194,0.6000000000000001,600.0,820.0,0.6746885182019403,0.6730497657033185
1195,0.6000000000000001,600.0,830.0,0.6746885182019403,0.6730497657033185
1196,0.6000000000000001,600.0,840.0,0.6746885182019403,0.6730497657033185
1197,0.6000000000000001,600.0,850.0,0.6746885182019403,0.6730497657033185
1198,0.6000000000000001,600.0,860.0,0.6755913603574077,0.6739598114136083
1199,0.6000000000000001,600.0,870.0,0.6755913603574077,0.6739598114136083
1200,0.6000000000000001,600.0,880.0,0.6774530932386953,0.6766846540685133
1201,0.6000000000000001,600.0,890.0,0.6775865784771705,0.6757772476956151
1202,0.6000000000000001,600.0,900.0,0.6793882229737971,0.676982112281247
1203,0.6000000000000001,600.0,910.0,0.6793882229737971,0.676982112281247
1204,0.6000000000000001,600.0,920.0,0.6800040462661892,0.676982112281247
1205,0.6000000000000001,600.0,930.0,0.6803118178084885,0.676982112281247
1206,0.6000000000000001,600.0,940.0,0.6800040462661892,0.676982112281247
1207,0.6000000000000001,600.0,950.0,0.6806194963634853,0.676982112281247
1208,0.6000000000000001,600.0,960.0,0.6812345757612834,0.676982112281247
1209,0.6000000000000001,600.0,970.0,0.6815419772305503,0.6787846216126958
1210,0.6000000000000001,600.0,980.0,0.6815419772305503,0.6787846216126958
1211,0.6000000000000001,600.0,990.0,0.6818492869654547,0.6781547202622359
1212,0.6000000000000001,600.0,999.0,0.6818492869654547,0.6781547202622359
